problem,solved_at
abc233/a,2021-12-25
abc233/b,2021-12-25
abc233/c,2021-12-25
arc132/a.py,2021-12-26
arc132/b,2021-12-26
abc231/d3,2022-01-04
abc230/d4,2022-01-07
abc229/d3,2022-01-07
abc234/d3,2022-01-09
abc226/d3,2022-01-10
abc225/abc225,2022-01-10
abc226/d4,2022-01-11
abc225/d4,2022-01-11
abc224/d3,2022-01-11
abc223/d2,2022-01-11
abc224/d4,2022-01-12
abc223/d3,2022-01-12
abc222/d4,2022-01-14
abc221/d4,2022-01-14
abc220/d2,2022-01-15
abc219/d3,2022-01-15
abc235/a,2022-01-15
abc235/python,2022-01-15
abc235/c,2022-01-15
abc235/d,2022-01-15
abc220/d3,2022-01-17
abc219/d4,2022-01-18
abc236/a,2022-01-23
arc133/a4,2022-01-25
arc133/b4,2022-01-25
abc216/d2,2022-01-25
abc216/c3,2022-01-26
abc216/d3,2022-01-26
abc215/d3,2022-01-26
abc214/d3,2022-01-26
abc212/d4,2022-01-28
abc213/d5,2022-01-28
abc213/d5,2022-01-28
abc211/d3,2022-01-29
abc211/d4,2022-01-29
arc134/a,2022-01-29
abc209/d2,2022-01-30
abc208/d,2022-01-31
abc236/d2,2022-02-03
abc235/d2,2022-02-03
abc234/d2,2022-02-04
abc233/d3,2022-02-04
abc232/d2,2022-02-04
abc231/d5,2022-02-05
abc230/d5,2022-02-05
abc229/d4,2022-02-05
abc228/d4,2022-02-08
abc227/d3,2022-02-08
abc226/d5,2022-02-08
abc225/d5,2022-02-09
abc224/d5,2022-02-09
abc223/d4,2022-02-09
abc222/d5,2022-02-10
abc221/d5,2022-02-10
abc220/d4,2022-02-10
abc219/d5,2022-02-11
abc218/d2,2022-02-11
abc216/d4,2022-02-12
abc215/d5,2022-02-12
abc214/d5,2022-02-13
abc213/d6,2022-02-13
abc212/d5,2022-02-13
abc211/d5,2022-02-13
arc135/a,2022-02-13
arc135/d4,2022-02-14
arc135/d3,2022-02-14
abc208/d2,2022-02-15
abc206/d4,2022-02-15
abc205/d,2022-02-16
abc206/d5,2022-02-16
abc208/d3,2022-02-17
abc210/d5,2022-02-17
abc210/d6,2022-02-18
abc212/d6,2022-02-18
abc202/d2,2022-02-18
abc202/d3,2022-02-19
abc210/d6,2022-02-19
abc213/d7,2022-02-19
abc239/a,2022-02-19
abc239/d,2022-02-19
abc214/d6,2022-02-20
abc215/d6,2022-02-20
abc216/d5,2022-02-20
abc240/c,2022-02-20
abc240/d,2022-02-20
abc217/d3,2022-02-21
abc219/d6,2022-02-22
abc222/d6,2022-02-22
abc223/d5,2022-02-23
abc224/d4,2022-02-23
abc228/d5,2022-02-26
abc230/d6,2022-02-26
abc241/d,2022-02-26
abc235/d3,2022-02-27
abc236/d3,2022-02-27
arc136/a.,2022-02-27
abc238/d,2022-02-28
abc236/d4,2022-02-28
abc238/d2,2022-03-01
abc237/d,2022-03-01
abc204/d,2022-03-05
abc205/d2,2022-03-05
abc242/a,2022-03-05
abc204/d2,2022-03-08
abc238/d,2022-04-03
abc237/d,2022-04-03
abc236/d,2022-04-04
abc234/d,2022-04-05
abc232/d,2022-04-07
abc230/d,2022-04-08
abc229/d,2022-04-08
abc228/d,2022-04-08
arc138/a,2022-04-10
arc138/a,2022-04-10
arc138/b2,2022-04-10
abc247/a,2022-04-10
abc247/c,2022-04-10
abc247/d,2022-04-10
abc246/d,2022-04-11
abc245/d,2022-04-11
abc246/d,2022-04-12
abc245/d2,2022-04-12
abc244/d,2022-04-12
abc243/d,2022-04-12
abc244/d2,2022-04-13
abc243/d2,2022-04-13
abc244/e,2022-04-15
abc248/a,2022-04-16
abc248/e,2022-04-16
abc240/e,2022-04-17
<<<<<<< HEAD,
arc137/a,2022-04-17
=======,
abc240/e,2022-04-18
abc240/e2,2022-04-19
abc234/e,2022-04-19
abc233/e,2022-04-19
abc234/e,2022-04-21
abc234/e,2022-04-21
abc230/ew,2022-04-21
abc229/e,2022-04-21
abc230/e,2022-04-22
abc229/e2,2022-04-22
abc218/e,2022-04-22
abc249/a,2022-04-23
abc249/b,2022-04-23
abc249/c,2022-04-23
abc249/d2,2022-04-24
abc218/e2,2022-04-24
abc218/e2,2022-04-24
abc217/e,2022-04-24
abc217/e,2022-04-24
abc216/e,2022-04-24
abc216/e,2022-04-24
abc216/e,2022-04-26
abc217/e,2022-04-26
abc229/e3,2022-04-26
abc230/e3,2022-04-26
abc216/e4,2022-04-26
abc229/e4,2022-04-27
abc230/e4,2022-04-27
abc233/e3,2022-04-27
abc234/e2,2022-04-27
abc234/e3,2022-04-29
abc239/e2,2022-05-02
abc240/e2,2022-05-02
abc244/e,2022-05-02
abc239/e3,2022-05-03
abc244/e2,2022-05-03
abc240/e3,2022-05-03
pfn/a,2022-05-03
arc134/a2,2022-05-03
arc134/b2,2022-05-03
arc134/b2,2022-05-03
arc138/a3,2022-05-05
arc138/b3,2022-05-05
arc134/a3,2022-05-05
arc134/b3,2022-05-05
arc134/b3,2022-05-05
>>>>>>> cbfe2c4251331723a7546664876b336fda6c1c8b,
arc137/a,2022-05-06
arc137/b,2022-05-06
arc138/a4,2022-05-07
arc138/b4,2022-05-07
pfn/b,2022-05-07
abc250/a,2022-05-08
abc250/d2,2022-05-09
abc250/b2,2022-05-10
akatsuki/a,2022-05-11
akatsuki/b2,2022-05-11
akatsuki/b,2022-05-11
akatsuki/b2,2022-05-12
arc129/b3,2022-05-12
arc136/b3,2022-05-12
aizu-rsq/rsq,2022-05-14
segtree/a,2022-05-15
arc140/a,2022-05-15
abc233/e5,2022-05-19
abc234/e4,2022-05-19
abc240/e4,2022-05-19
abc233/e6,2022-05-19
abc239/e,2022-05-21
abc252/a,2022-05-21
abc252/b,2022-05-21
abc252/d,2022-05-21
abc244/e4,2022-05-24
